{"0": -460.0, "1": 90.0, "2": -500.0, "3": 40.0, "4": -500.0, "5": 70.0, "6": -420.0, "7": 50.0, "8": -500.0, "9": 30.0, "10": -480.0, "11": 30.0, "12": -480.0, "13": 110.0, "14": 30.0, "15": 10.0, "16": -500.0, "17": 1030.0, "18": -500.0, "19": -480.0, "20": 10.0, "21": -480.0, "22": 30.0, "23": -500.0, "24": -500.0, "parameters": {"0": 304.28291169488364, "1": 76.81209335027955}}