{"0": -500.0, "1": 1030.0, "2": -500.0, "3": -480.0, "4": -500.0, "5": -500.0, "6": -500.0, "7": 1010.0, "8": -500.0, "9": -500.0, "10": -460.0, "11": -480.0, "12": 20.0, "13": -460.0, "14": -500.0, "15": -500.0, "16": -500.0, "17": 10.0, "18": 1030.0, "19": 1010.0, "20": -480.0, "21": 1010.0, "22": 50.0, "23": 10.0, "24": 1020.0, "parameters": {"0": 304.2829387668868, "1": 76.81210163702873}}