{"0": -500.0, "1": -500.0, "2": -500.0, "3": 30.0, "4": 1050.0, "5": 1010.0, "6": -500.0, "7": -480.0, "8": -500.0, "9": 30.0, "10": -460.0, "11": -500.0, "12": -500.0, "13": -500.0, "14": 30.0, "15": -500.0, "16": 1010.0, "17": -500.0, "18": 1030.0, "19": 1010.0, "20": 30.0, "21": -500.0, "22": -500.0, "23": -420.0, "24": 20.0, "parameters": {"0": 304.2871288014998, "1": 76.81342515439268}}