{"0": -500.0, "1": -500.0, "2": -400.0, "3": 10.0, "4": 60.0, "5": 1030.0, "6": 10.0, "7": -500.0, "8": -480.0, "9": -500.0, "10": -480.0, "11": -500.0, "12": -500.0, "13": 1090.0, "14": -500.0, "15": 30.0, "16": -500.0, "17": 20.0, "18": 1030.0, "19": -500.0, "20": -500.0, "21": -500.0, "22": 10.0, "23": -500.0, "24": 1030.0, "parameters": {"0": 299.0712564854061, "1": 77.84704010257732}}