{"0": 10.0, "1": 10.0, "2": 10.0, "3": 500.0, "4": -500.0, "5": -440.0, "6": -460.0, "7": -400.0, "8": -440.0, "9": 20.0, "10": -500.0, "11": 1030.0, "12": 50.0, "13": -480.0, "14": -500.0, "15": 30.0, "16": -500.0, "17": 500.0, "18": 1030.0, "19": -500.0, "20": -500.0, "21": 30.0, "22": -500.0, "23": -480.0, "24": 10.0, "parameters": {"0": 285.9580686652503, "1": 75.61364666098882}}