{"0": 1020.0, "1": -480.0, "2": -460.0, "3": -500.0, "4": 30.0, "5": -500.0, "6": -500.0, "7": -500.0, "8": 60.0, "9": 20.0, "10": -480.0, "11": -500.0, "12": 10.0, "13": -460.0, "14": 10.0, "15": 10.0, "16": -500.0, "17": -480.0, "18": -480.0, "19": -480.0, "20": 20.0, "21": -500.0, "22": -500.0, "23": 1020.0, "24": -480.0, "parameters": {"0": 304.2513165774473, "1": 76.78437960097729}}