{"0": 1040.0, "1": -500.0, "2": -500.0, "3": 1050.0, "4": -500.0, "5": -500.0, "6": 20.0, "7": -500.0, "8": 1080.0, "9": 10.0, "10": -500.0, "11": -500.0, "12": 30.0, "13": -500.0, "14": -500.0, "15": -500.0, "16": -500.0, "17": -420.0, "18": -480.0, "19": -500.0, "20": 50.0, "21": -500.0, "22": 20.0, "23": -500.0, "24": 30.0, "parameters": {"0": 242.25321265035146, "1": 77.90248143361697}}