{"0": -480.0, "1": 500.0, "2": -500.0, "3": -500.0, "4": 1020.0, "5": -500.0, "6": -480.0, "7": -500.0, "8": 10.0, "9": 30.0, "10": -400.0, "11": 10.0, "12": -500.0, "13": -480.0, "14": 30.0, "15": 20.0, "16": -440.0, "17": 30.0, "18": -500.0, "19": -420.0, "20": 30.0, "21": -500.0, "22": 10.0, "23": 1040.0, "24": 20.0, "parameters": {"0": 335.2174566175029, "1": 64.09483766947253}}