{"0": -500.0, "1": 50.0, "2": -460.0, "3": -480.0, "4": -480.0, "5": 10.0, "6": -500.0, "7": -500.0, "8": -480.0, "9": 30.0, "10": -500.0, "11": 20.0, "12": -500.0, "13": 40.0, "14": 30.0, "15": 30.0, "16": -500.0, "17": -500.0, "18": -440.0, "19": -480.0, "20": -500.0, "21": -500.0, "22": 10.0, "23": 1020.0, "24": 1020.0, "parameters": {"0": 304.2814148486666, "1": 76.81032555652924}}