{"0": 1060.0, "1": -500.0, "2": -500.0, "3": -480.0, "4": 10.0, "5": -500.0, "6": 20.0, "7": 1030.0, "8": -480.0, "9": 20.0, "10": -460.0, "11": 20.0, "12": 20.0, "13": 70.0, "14": 30.0, "15": 20.0, "16": -500.0, "17": -500.0, "18": -500.0, "19": -500.0, "20": 10.0, "21": 1040.0, "22": -500.0, "23": 1060.0, "24": 1070.0, "parameters": {"0": 304.2829103702123, "1": 76.81210071831552}}