{"0": 50.0, "1": -500.0, "2": 30.0, "3": -480.0, "4": 60.0, "5": -480.0, "6": 1010.0, "7": 1020.0, "8": 1020.0, "9": 20.0, "10": -460.0, "11": -500.0, "12": 1030.0, "13": -500.0, "14": 20.0, "15": 20.0, "16": -500.0, "17": -420.0, "18": -480.0, "19": -500.0, "20": 10.0, "21": 1030.0, "22": -500.0, "23": 1020.0, "24": -500.0, "parameters": {"0": 304.1144131875532, "1": 76.84172915506173}}