{"0": 30.0, "1": -500.0, "2": 1030.0, "3": -480.0, "4": -500.0, "5": 70.0, "6": 1030.0, "7": 1010.0, "8": -500.0, "9": 30.0, "10": -480.0, "11": -500.0, "12": 70.0, "13": -500.0, "14": 20.0, "15": -500.0, "16": 20.0, "17": 20.0, "18": -500.0, "19": -500.0, "20": 30.0, "21": -460.0, "22": -500.0, "23": -480.0, "24": 30.0, "parameters": {"0": 304.16553591591065, "1": 76.70032878875936}}