{"0": 1070.0, "1": -480.0, "2": -500.0, "3": -500.0, "4": -500.0, "5": 30.0, "6": -500.0, "7": 30.0, "8": -480.0, "9": 20.0, "10": -500.0, "11": -500.0, "12": -500.0, "13": -500.0, "14": 10.0, "15": 20.0, "16": -500.0, "17": -400.0, "18": -460.0, "19": -500.0, "20": -500.0, "21": 1140.0, "22": 1010.0, "23": 30.0, "24": -500.0, "parameters": {"0": 248.64292491463166, "1": 83.73605362282625}}