{"0": -500.0, "1": -500.0, "2": -500.0, "3": -500.0, "4": -500.0, "5": -460.0, "6": 20.0, "7": -500.0, "8": -460.0, "9": 20.0, "10": -500.0, "11": -460.0, "12": -500.0, "13": -500.0, "14": -500.0, "15": -500.0, "16": -500.0, "17": -480.0, "18": -500.0, "19": -480.0, "20": 30.0, "21": -500.0, "22": -500.0, "23": -500.0, "24": 1030.0, "parameters": {"0": 209.61156829939202, "1": 89.26501085562037}}