{"0": -500.0, "1": -500.0, "2": 70.0, "3": 30.0, "4": -480.0, "5": -500.0, "6": -480.0, "7": 500.0, "8": 10.0, "9": 30.0, "10": -440.0, "11": 1020.0, "12": -500.0, "13": 10.0, "14": 10.0, "15": -500.0, "16": -460.0, "17": -420.0, "18": -500.0, "19": 20.0, "20": -480.0, "21": -480.0, "22": -500.0, "23": -460.0, "24": -440.0, "parameters": {"0": 304.27222847644526, "1": 76.81387026987838}}