{"0": 10.0, "1": 30.0, "2": -480.0, "3": -500.0, "4": -480.0, "5": -500.0, "6": -500.0, "7": 30.0, "8": 1030.0, "9": 30.0, "10": -500.0, "11": -420.0, "12": -500.0, "13": 10.0, "14": 20.0, "15": 20.0, "16": 1010.0, "17": -500.0, "18": -500.0, "19": -480.0, "20": 20.0, "21": -500.0, "22": -500.0, "23": 30.0, "24": 1040.0, "parameters": {"0": 298.87113091870634, "1": 111.3390516329263}}