{"0": -500.0, "1": -500.0, "2": 10.0, "3": 1010.0, "4": 20.0, "5": -500.0, "6": -500.0, "7": -500.0, "8": 580.0, "9": 20.0, "10": -480.0, "11": -500.0, "12": -500.0, "13": -500.0, "14": -500.0, "15": -500.0, "16": -480.0, "17": -480.0, "18": 30.0, "19": -500.0, "20": 20.0, "21": 1020.0, "22": 10.0, "23": -500.0, "24": 1010.0, "parameters": {"0": 304.2827725011831, "1": 76.81220654549098}}