{"0": -420.0, "1": 30.0, "2": -460.0, "3": -480.0, "4": -480.0, "5": -480.0, "6": -500.0, "7": 1010.0, "8": -400.0, "9": 20.0, "10": -500.0, "11": 150.0, "12": -500.0, "13": 1030.0, "14": -480.0, "15": 30.0, "16": 30.0, "17": 1030.0, "18": -500.0, "19": -380.0, "20": -480.0, "21": 1030.0, "22": -500.0, "23": -500.0, "24": 30.0, "parameters": {"0": 304.2801018614956, "1": 76.81245512660693}}