{"0": -500.0, "1": -500.0, "2": -500.0, "3": -500.0, "4": 1030.0, "5": 10.0, "6": -500.0, "7": -500.0, "8": 1030.0, "9": 20.0, "10": -500.0, "11": -500.0, "12": -500.0, "13": 1030.0, "14": 10.0, "15": 30.0, "16": 40.0, "17": 1030.0, "18": -500.0, "19": -480.0, "20": 1030.0, "21": -500.0, "22": -500.0, "23": -500.0, "24": -500.0, "parameters": {"0": 209.61156829939202, "1": 104.26501085562037}}