{"0": -500.0, "1": 1050.0, "2": -480.0, "3": 30.0, "4": -500.0, "5": -500.0, "6": -480.0, "7": 1040.0, "8": -500.0, "9": 30.0, "10": -500.0, "11": -500.0, "12": 10.0, "13": 10.0, "14": -500.0, "15": -500.0, "16": -500.0, "17": -460.0, "18": -480.0, "19": -500.0, "20": -500.0, "21": -500.0, "22": 520.0, "23": -500.0, "24": -500.0, "parameters": {"0": 303.5676329830324, "1": 76.90636098052222}}