{"0": -500.0, "1": 1010.0, "2": -480.0, "3": 1020.0, "4": -480.0, "5": -460.0, "6": -500.0, "7": 1030.0, "8": 30.0, "9": 30.0, "10": -500.0, "11": -480.0, "12": -500.0, "13": 30.0, "14": -500.0, "15": 10.0, "16": 20.0, "17": -500.0, "18": -400.0, "19": -480.0, "20": 10.0, "21": -500.0, "22": -480.0, "23": -500.0, "24": 1090.0, "parameters": {"0": 304.8987742562811, "1": 74.94622540089294}}