{"0": -500.0, "1": -500.0, "2": -500.0, "3": 1010.0, "4": 80.0, "5": -480.0, "6": 1030.0, "7": -480.0, "8": 50.0, "9": 30.0, "10": 90.0, "11": -480.0, "12": -500.0, "13": 30.0, "14": -500.0, "15": 20.0, "16": 1050.0, "17": 1040.0, "18": -500.0, "19": 1050.0, "20": 30.0, "21": -500.0, "22": 30.0, "23": -460.0, "24": -500.0, "parameters": {"0": 304.3040777880819, "1": 76.8157524748756}}