{"0": 1090.0, "1": 40.0, "2": -500.0, "3": -500.0, "4": -500.0, "5": -500.0, "6": 30.0, "7": -500.0, "8": -500.0, "9": 10.0, "10": 30.0, "11": 30.0, "12": -480.0, "13": -500.0, "14": -500.0, "15": 30.0, "16": -500.0, "17": -500.0, "18": 30.0, "19": -500.0, "20": -440.0, "21": -500.0, "22": 20.0, "23": 10.0, "24": -480.0, "parameters": {"0": 248.64292491463166, "1": 83.73605362282623}}