{"0": -500.0, "1": -500.0, "2": -500.0, "3": 1020.0, "4": -400.0, "5": -500.0, "6": -500.0, "7": 10.0, "8": -500.0, "9": 20.0, "10": -480.0, "11": -500.0, "12": -500.0, "13": 30.0, "14": -440.0, "15": 10.0, "16": 500.0, "17": -500.0, "18": -500.0, "19": 1060.0, "20": -500.0, "21": 1020.0, "22": 1010.0, "23": -500.0, "24": -500.0, "parameters": {"0": 304.5485988145052, "1": 76.89800742457207}}