{"0": -500.0, "1": 1020.0, "2": -460.0, "3": 10.0, "4": -500.0, "5": 1020.0, "6": -500.0, "7": 1030.0, "8": -500.0, "9": 10.0, "10": -500.0, "11": 1010.0, "12": -500.0, "13": -500.0, "14": -500.0, "15": -500.0, "16": -480.0, "17": -440.0, "18": 20.0, "19": -500.0, "20": -480.0, "21": -500.0, "22": -500.0, "23": -480.0, "24": 10.0, "parameters": {"0": 322.2481984141541, "1": 70.51292253858047}}