{"0": 1010.0, "1": -500.0, "2": 30.0, "3": -500.0, "4": 500.0, "5": 30.0, "6": 1010.0, "7": 30.0, "8": -500.0, "9": 30.0, "10": -500.0, "11": -440.0, "12": -500.0, "13": 30.0, "14": -500.0, "15": 20.0, "16": -480.0, "17": -500.0, "18": 500.0, "19": 1030.0, "20": 20.0, "21": 1030.0, "22": 10.0, "23": 20.0, "24": -500.0, "parameters": {"0": 256.0071521628837, "1": 141.58570087720338}}