{"0": -440.0, "1": 1060.0, "2": 30.0, "3": -460.0, "4": -440.0, "5": 1090.0, "6": 30.0, "7": 30.0, "8": -480.0, "9": 30.0, "10": 1050.0, "11": 1020.0, "12": 20.0, "13": 30.0, "14": 50.0, "15": 20.0, "16": -500.0, "17": -500.0, "18": 20.0, "19": -440.0, "20": 40.0, "21": 100.0, "22": 1120.0, "23": 10.0, "24": -440.0, "parameters": {"0": 599.9915388901129, "1": 55.443393480178756}}