{"0": 1030.0, "1": -500.0, "2": -500.0, "3": 1020.0, "4": 1010.0, "5": 1010.0, "6": -500.0, "7": -500.0, "8": -500.0, "9": 20.0, "10": -500.0, "11": -500.0, "12": 10.0, "13": 1030.0, "14": 30.0, "15": 30.0, "16": 1030.0, "17": 1010.0, "18": -500.0, "19": 1010.0, "20": 1030.0, "21": 10.0, "22": 30.0, "23": 1040.0, "24": -500.0, "parameters": {"0": 314.8438075089199, "1": 187.95969241282924}}