{"0": 1030.0, "1": -500.0, "2": -500.0, "3": -500.0, "4": -400.0, "5": -500.0, "6": -480.0, "7": -500.0, "8": 30.0, "9": 20.0, "10": -480.0, "11": -460.0, "12": 10.0, "13": -460.0, "14": 90.0, "15": -500.0, "16": -500.0, "17": -500.0, "18": -500.0, "19": 1020.0, "20": -500.0, "21": -500.0, "22": 120.0, "23": 1030.0, "24": 90.0, "parameters": {"0": 304.2828438863968, "1": 76.81215348369174}}