{"0": -500.0, "1": -500.0, "2": 1050.0, "3": 30.0, "4": -480.0, "5": -500.0, "6": -440.0, "7": -500.0, "8": 500.0, "9": 30.0, "10": -500.0, "11": 20.0, "12": -500.0, "13": -500.0, "14": 30.0, "15": 10.0, "16": 1010.0, "17": 1020.0, "18": -500.0, "19": -500.0, "20": 10.0, "21": 1010.0, "22": -500.0, "23": -460.0, "24": -400.0, "parameters": {"0": 304.3803884402966, "1": 76.81030732135663}}