{"0": 1030.0, "1": 500.0, "2": -500.0, "3": -420.0, "4": -500.0, "5": -500.0, "6": -500.0, "7": -500.0, "8": 1030.0, "9": 30.0, "10": 40.0, "11": -500.0, "12": 1030.0, "13": -500.0, "14": 20.0, "15": 30.0, "16": 30.0, "17": -500.0, "18": 110.0, "19": 1030.0, "20": -500.0, "21": 1030.0, "22": 560.0, "23": -500.0, "24": -500.0, "parameters": {"0": 304.28288448742984, "1": 76.8121113464697}}