{"0": -500.0, "1": 1010.0, "2": 640.0, "3": -500.0, "4": -500.0, "5": -480.0, "6": -500.0, "7": -500.0, "8": -500.0, "9": 30.0, "10": -500.0, "11": 1090.0, "12": 20.0, "13": -500.0, "14": -480.0, "15": 10.0, "16": -500.0, "17": -460.0, "18": 1010.0, "19": -480.0, "20": 50.0, "21": -480.0, "22": -500.0, "23": 20.0, "24": -460.0, "parameters": {"0": 304.28301063090066, "1": 76.81210004805918}}