{"0": 30.0, "1": -440.0, "2": -500.0, "3": -500.0, "4": -500.0, "5": -500.0, "6": 20.0, "7": -480.0, "8": -500.0, "9": 20.0, "10": -500.0, "11": -480.0, "12": 10.0, "13": 1030.0, "14": -480.0, "15": -500.0, "16": 10.0, "17": 30.0, "18": -440.0, "19": 1050.0, "20": -500.0, "21": -500.0, "22": 10.0, "23": -480.0, "24": -500.0, "parameters": {"0": 317.4650308548768, "1": 74.02159673462849}}