{"0": 1030.0, "1": -420.0, "2": 20.0, "3": -500.0, "4": 10.0, "5": 90.0, "6": -480.0, "7": 30.0, "8": 1020.0, "9": 30.0, "10": 130.0, "11": 1120.0, "12": 30.0, "13": -480.0, "14": 80.0, "15": -500.0, "16": -480.0, "17": -500.0, "18": 40.0, "19": -500.0, "20": -440.0, "21": -440.0, "22": 30.0, "23": 10.0, "24": 10.0, "parameters": {"0": 533.7360619171166, "1": 54.87088901785387}}