{"0": -460.0, "1": -500.0, "2": -440.0, "3": -480.0, "4": -480.0, "5": -440.0, "6": -500.0, "7": -500.0, "8": -480.0, "9": 20.0, "10": -500.0, "11": 1030.0, "12": 10.0, "13": -500.0, "14": 10.0, "15": 10.0, "16": -480.0, "17": -500.0, "18": 1060.0, "19": -500.0, "20": -480.0, "21": -400.0, "22": 20.0, "23": -500.0, "24": -500.0, "parameters": {"0": 304.2829145308303, "1": 76.81209893844648}}