{"0": 1060.0, "1": -500.0, "2": -500.0, "3": -500.0, "4": 1140.0, "5": -500.0, "6": -500.0, "7": -500.0, "8": 1020.0, "9": 30.0, "10": -500.0, "11": -500.0, "12": 20.0, "13": -500.0, "14": 50.0, "15": 30.0, "16": -480.0, "17": 50.0, "18": 1090.0, "19": -480.0, "20": -480.0, "21": -400.0, "22": 10.0, "23": 10.0, "24": -500.0, "parameters": {"0": 225.93239047487174, "1": 83.58374614461867}}