{"0": -500.0, "1": 10.0, "2": 20.0, "3": -480.0, "4": 10.0, "5": -460.0, "6": -500.0, "7": -500.0, "8": 60.0, "9": 30.0, "10": 540.0, "11": -500.0, "12": 10.0, "13": -500.0, "14": 30.0, "15": 30.0, "16": 10.0, "17": -420.0, "18": -500.0, "19": 1010.0, "20": 10.0, "21": 1030.0, "22": -440.0, "23": -500.0, "24": 1020.0, "parameters": {"0": 304.2827627902977, "1": 76.81199552111012}}