{"0": -500.0, "1": -480.0, "2": -500.0, "3": 50.0, "4": 50.0, "5": -500.0, "6": 1030.0, "7": -500.0, "8": -500.0, "9": 30.0, "10": 40.0, "11": -500.0, "12": -480.0, "13": 40.0, "14": 20.0, "15": 30.0, "16": -480.0, "17": 1090.0, "18": 10.0, "19": -500.0, "20": -500.0, "21": 50.0, "22": -500.0, "23": -500.0, "24": -500.0, "parameters": {"0": 304.2821968862045, "1": 76.81217749271435}}