{"0": -480.0, "1": 1030.0, "2": 70.0, "3": 1020.0, "4": 30.0, "5": -480.0, "6": -480.0, "7": 1010.0, "8": -460.0, "9": 30.0, "10": -500.0, "11": 1050.0, "12": -500.0, "13": -480.0, "14": -500.0, "15": -500.0, "16": -440.0, "17": -480.0, "18": -500.0, "19": -500.0, "20": 30.0, "21": -500.0, "22": -500.0, "23": -480.0, "24": -480.0, "parameters": {"0": 304.24255846077085, "1": 76.82034640424077}}