{"0": 1030.0, "1": 50.0, "2": -500.0, "3": -500.0, "4": -380.0, "5": -500.0, "6": 10.0, "7": 1020.0, "8": -460.0, "9": 30.0, "10": -460.0, "11": -500.0, "12": 30.0, "13": -500.0, "14": -480.0, "15": 10.0, "16": -400.0, "17": 1030.0, "18": 70.0, "19": -480.0, "20": 20.0, "21": 1020.0, "22": -500.0, "23": -500.0, "24": -460.0, "parameters": {"0": 304.28328397236027, "1": 76.81207106032161}}