{"0": -480.0, "1": -500.0, "2": -500.0, "3": -500.0, "4": -500.0, "5": -500.0, "6": -500.0, "7": 1020.0, "8": 90.0, "9": 20.0, "10": 50.0, "11": -500.0, "12": 10.0, "13": -500.0, "14": -500.0, "15": -500.0, "16": -500.0, "17": -440.0, "18": 1030.0, "19": -500.0, "20": -500.0, "21": -500.0, "22": -500.0, "23": -420.0, "24": -480.0, "parameters": {"0": 304.28284345346185, "1": 76.81208159799678}}