{"0": -460.0, "1": 1030.0, "2": 110.0, "3": 30.0, "4": -500.0, "5": 10.0, "6": -500.0, "7": -500.0, "8": -500.0, "9": 30.0, "10": 1090.0, "11": -500.0, "12": 30.0, "13": -500.0, "14": 50.0, "15": 10.0, "16": 20.0, "17": -500.0, "18": 1010.0, "19": -500.0, "20": 20.0, "21": 1020.0, "22": 700.0, "23": -440.0, "24": -500.0, "parameters": {"0": 304.28444057417494, "1": 76.8120878414673}}