{"0": 1170.0, "1": -480.0, "2": -400.0, "3": -440.0, "4": 1060.0, "5": 20.0, "6": 1010.0, "7": 20.0, "8": 20.0, "9": 30.0, "10": -380.0, "11": 50.0, "12": 1020.0, "13": 1010.0, "14": 40.0, "15": -500.0, "16": -440.0, "17": 1010.0, "18": 640.0, "19": -480.0, "20": 20.0, "21": -420.0, "22": 1050.0, "23": 30.0, "24": -480.0, "parameters": {"0": 411.9122343504721, "1": 75.9152518587659}}