{"0": -480.0, "1": -500.0, "2": -500.0, "3": -420.0, "4": -500.0, "5": -500.0, "6": 1030.0, "7": 1060.0, "8": -460.0, "9": 20.0, "10": -500.0, "11": -500.0, "12": -500.0, "13": -500.0, "14": 30.0, "15": 20.0, "16": -500.0, "17": -480.0, "18": -480.0, "19": -500.0, "20": 20.0, "21": 1020.0, "22": 1020.0, "23": -500.0, "24": -500.0, "parameters": {"0": 304.2829046749165, "1": 76.81210206008542}}