{"0": 30.0, "1": 10.0, "2": -500.0, "3": 1030.0, "4": -500.0, "5": -500.0, "6": 10.0, "7": -500.0, "8": -500.0, "9": 20.0, "10": -500.0, "11": 30.0, "12": -500.0, "13": -500.0, "14": -500.0, "15": 30.0, "16": -480.0, "17": -500.0, "18": -420.0, "19": 1020.0, "20": -440.0, "21": -500.0, "22": 30.0, "23": -480.0, "24": -480.0, "parameters": {"0": 298.64292491463164, "1": 83.73605362282625}}