{"0": -460.0, "1": -500.0, "2": -500.0, "3": 1090.0, "4": -460.0, "5": -500.0, "6": -500.0, "7": -500.0, "8": 10.0, "9": 20.0, "10": -500.0, "11": -480.0, "12": -380.0, "13": 1020.0, "14": 30.0, "15": 30.0, "16": -480.0, "17": -500.0, "18": -500.0, "19": 30.0, "20": 1030.0, "21": -500.0, "22": 20.0, "23": 500.0, "24": -500.0, "parameters": {"0": 298.64292491463164, "1": 98.73605362282625}}