{"0": 10.0, "1": -500.0, "2": -420.0, "3": -500.0, "4": -500.0, "5": -500.0, "6": 10.0, "7": 1020.0, "8": -480.0, "9": 20.0, "10": 20.0, "11": -480.0, "12": -500.0, "13": -500.0, "14": -500.0, "15": 10.0, "16": 30.0, "17": -500.0, "18": -500.0, "19": 10.0, "20": -500.0, "21": -500.0, "22": -500.0, "23": 20.0, "24": -500.0, "parameters": {"0": 310.44556166439287, "1": 77.12448808070334}}