{"0": 30.0, "1": -500.0, "2": -500.0, "3": -500.0, "4": -500.0, "5": 20.0, "6": -500.0, "7": 1020.0, "8": -460.0, "9": 30.0, "10": -500.0, "11": -480.0, "12": -500.0, "13": -500.0, "14": 30.0, "15": 20.0, "16": -500.0, "17": -480.0, "18": 1020.0, "19": 1090.0, "20": -500.0, "21": 20.0, "22": -460.0, "23": -440.0, "24": -460.0, "parameters": {"0": 304.2757129266958, "1": 76.80510216919673}}