{"0": -500.0, "1": 10.0, "2": -460.0, "3": 30.0, "4": 20.0, "5": -500.0, "6": -500.0, "7": -420.0, "8": 1030.0, "9": 20.0, "10": -480.0, "11": -500.0, "12": -500.0, "13": 1030.0, "14": 30.0, "15": 10.0, "16": -500.0, "17": 1010.0, "18": -480.0, "19": -500.0, "20": 1020.0, "21": 1100.0, "22": 1030.0, "23": 50.0, "24": -500.0, "parameters": {"0": 303.4400421463626, "1": 77.71485569910006}}