{"0": -500.0, "1": -480.0, "2": -500.0, "3": -500.0, "4": -500.0, "5": -500.0, "6": -500.0, "7": -500.0, "8": -500.0, "9": 30.0, "10": 20.0, "11": 1020.0, "12": -500.0, "13": -500.0, "14": -500.0, "15": 10.0, "16": 1010.0, "17": -500.0, "18": -500.0, "19": -500.0, "20": -500.0, "21": -500.0, "22": 20.0, "23": -500.0, "24": -500.0, "parameters": {"0": 159.61156829939202, "1": 89.26501085562037}}