{"0": 10.0, "1": -500.0, "2": 30.0, "3": 10.0, "4": -500.0, "5": -500.0, "6": 1050.0, "7": -500.0, "8": 1020.0, "9": 30.0, "10": -500.0, "11": 1030.0, "12": -500.0, "13": 1030.0, "14": 50.0, "15": 20.0, "16": -500.0, "17": -500.0, "18": -500.0, "19": -480.0, "20": 110.0, "21": -480.0, "22": -500.0, "23": -500.0, "24": -460.0, "parameters": {"0": 305.69250530393595, "1": 77.01434185476215}}