{"0": -500.0, "1": 30.0, "2": -500.0, "3": 580.0, "4": -500.0, "5": -500.0, "6": -480.0, "7": -500.0, "8": -500.0, "9": 30.0, "10": -500.0, "11": -500.0, "12": -500.0, "13": 1050.0, "14": 10.0, "15": 20.0, "16": -500.0, "17": 20.0, "18": 30.0, "19": 1070.0, "20": -500.0, "21": 1010.0, "22": -500.0, "23": -500.0, "24": 20.0, "parameters": {"0": 304.28291670611003, "1": 76.81210034116205}}