{"0": -500.0, "1": -500.0, "2": 20.0, "3": -460.0, "4": 20.0, "5": 1030.0, "6": 60.0, "7": 20.0, "8": 10.0, "9": 30.0, "10": 20.0, "11": 40.0, "12": -500.0, "13": 30.0, "14": 10.0, "15": 30.0, "16": -480.0, "17": -500.0, "18": -500.0, "19": -500.0, "20": -480.0, "21": 560.0, "22": -500.0, "23": -500.0, "24": -480.0, "parameters": {"0": 303.86030054741934, "1": 76.79930130691224}}