{"0": -460.0, "1": -500.0, "2": -480.0, "3": 1020.0, "4": -500.0, "5": -500.0, "6": 1040.0, "7": -500.0, "8": 30.0, "9": 10.0, "10": -500.0, "11": -500.0, "12": 30.0, "13": -480.0, "14": 30.0, "15": 20.0, "16": 1030.0, "17": -500.0, "18": -500.0, "19": 1020.0, "20": -500.0, "21": 30.0, "22": -480.0, "23": 1070.0, "24": 1030.0, "parameters": {"0": 304.2829479255703, "1": 76.81212376275568}}