{"0": -500.0, "1": -500.0, "2": -460.0, "3": 60.0, "4": -500.0, "5": -500.0, "6": 30.0, "7": 1030.0, "8": -460.0, "9": 20.0, "10": -440.0, "11": -500.0, "12": -500.0, "13": -500.0, "14": 10.0, "15": 30.0, "16": -500.0, "17": 30.0, "18": 30.0, "19": 1050.0, "20": -500.0, "21": 60.0, "22": 1030.0, "23": -500.0, "24": -460.0, "parameters": {"0": 304.498690782043, "1": 76.34784160817023}}