{"0": -500.0, "1": -500.0, "2": -500.0, "3": -500.0, "4": -500.0, "5": -500.0, "6": -420.0, "7": 1010.0, "8": -500.0, "9": 30.0, "10": -500.0, "11": 50.0, "12": 10.0, "13": 10.0, "14": -500.0, "15": -500.0, "16": -500.0, "17": -500.0, "18": -500.0, "19": 10.0, "20": 50.0, "21": -500.0, "22": 10.0, "23": -460.0, "24": -480.0, "parameters": {"0": 304.2829152716105, "1": 76.81210042189248}}