{"0": 10.0, "1": -480.0, "2": -500.0, "3": -500.0, "4": 50.0, "5": -500.0, "6": -500.0, "7": -480.0, "8": -500.0, "9": 30.0, "10": -500.0, "11": -400.0, "12": 20.0, "13": -480.0, "14": -500.0, "15": 20.0, "16": 1030.0, "17": -420.0, "18": -400.0, "19": -500.0, "20": -480.0, "21": 500.0, "22": -440.0, "23": -500.0, "24": -500.0, "parameters": {"0": 304.28245295473073, "1": 76.81166417510622}}