{"0": -500.0, "1": 1030.0, "2": -480.0, "3": 60.0, "4": 10.0, "5": 30.0, "6": -480.0, "7": 1090.0, "8": -500.0, "9": 20.0, "10": 20.0, "11": -480.0, "12": 20.0, "13": -460.0, "14": -500.0, "15": 20.0, "16": -500.0, "17": -480.0, "18": -500.0, "19": -460.0, "20": 30.0, "21": -500.0, "22": 10.0, "23": 1010.0, "24": -500.0, "parameters": {"0": 324.21515015369215, "1": 83.38434901807103}}