{"win": 15, "loss": 4, "draw": 2, "nan": 8, "parameters": {"0": 285.9580686652503, "1": 75.61364666098882}}