{"win": 13, "loss": 1, "draw": 0, "nan": 11, "parameters": {"0": 304.28291169488364, "1": 76.81209335027955}}