{"win": 15, "loss": 5, "draw": 0, "nan": 5, "parameters": {"0": 209.61156829939202, "1": 104.26501085562037}}