{"win": 17, "loss": 4, "draw": 0, "nan": 4, "parameters": {"0": 304.24255846077085, "1": 76.82034640424077}}