{"win": 13, "loss": 2, "draw": 1, "nan": 11, "parameters": {"0": 303.86030054741934, "1": 76.79930130691224}}