{"win": 14, "loss": 3, "draw": 0, "nan": 8, "parameters": {"0": 304.498690782043, "1": 76.34784160817023}}