{"win": 14, "loss": 4, "draw": 0, "nan": 7, "parameters": {"0": 305.69250530393595, "1": 77.01434185476215}}