{"win": 12, "loss": 5, "draw": 0, "nan": 8, "parameters": {"0": 304.3040777880819, "1": 76.8157524748756}}