{"win": 19, "loss": 3, "draw": 1, "nan": 4, "parameters": {"0": 303.5676329830324, "1": 76.90636098052222}}