{"win": 15, "loss": 4, "draw": 0, "nan": 6, "parameters": {"0": 304.2801018614956, "1": 76.81245512660693}}