{"win": 16, "loss": 3, "draw": 0, "nan": 6, "parameters": {"0": 242.25321265035146, "1": 77.90248143361697}}