{"win": 21, "loss": 1, "draw": 0, "nan": 3, "parameters": {"0": 209.61156829939202, "1": 89.26501085562037}}