{"win": 13, "loss": 3, "draw": 0, "nan": 9, "parameters": {"0": 324.21515015369215, "1": 83.38434901807103}}