{"win": 14, "loss": 4, "draw": 0, "nan": 7, "parameters": {"0": 304.28328397236027, "1": 76.81207106032161}}