{"win": 11, "loss": 5, "draw": 0, "nan": 9, "parameters": {"0": 304.2829103702123, "1": 76.81210071831552}}