{"win": 12, "loss": 6, "draw": 0, "nan": 7, "parameters": {"0": 303.4400421463626, "1": 77.71485569910006}}