{"win": 14, "loss": 4, "draw": 0, "nan": 7, "parameters": {"0": 225.93239047487174, "1": 83.58374614461867}}