{"win": 12, "loss": 6, "draw": 0, "nan": 7, "parameters": {"0": 304.1144131875532, "1": 76.84172915506173}}