{"win": 12, "loss": 5, "draw": 1, "nan": 9, "parameters": {"0": 304.28444057417494, "1": 76.8120878414673}}