{"win": 12, "loss": 4, "draw": 1, "nan": 10, "parameters": {"0": 304.2827627902977, "1": 76.81199552111012}}