{"win": 14, "loss": 3, "draw": 1, "nan": 9, "parameters": {"0": 335.2174566175029, "1": 64.09483766947253}}