{"win": 10, "loss": 3, "draw": 0, "nan": 12, "parameters": {"0": 533.7360619171166, "1": 54.87088901785387}}