{"win": 16, "loss": 1, "draw": 0, "nan": 8, "parameters": {"0": 310.44556166439287, "1": 77.12448808070334}}