{"win": 16, "loss": 2, "draw": 0, "nan": 7, "parameters": {"0": 298.64292491463164, "1": 83.73605362282625}}