{"win": 16, "loss": 3, "draw": 0, "nan": 6, "parameters": {"0": 304.2757129266958, "1": 76.80510216919673}}