{"win": 13, "loss": 3, "draw": 0, "nan": 9, "parameters": {"0": 298.87113091870634, "1": 111.3390516329263}}