{"win": 19, "loss": 2, "draw": 0, "nan": 4, "parameters": {"0": 159.61156829939202, "1": 89.26501085562037}}