{"win": 17, "loss": 1, "draw": 0, "nan": 7, "parameters": {"0": 304.2829152716105, "1": 76.81210042189248}}