{"win": 15, "loss": 5, "draw": 0, "nan": 5, "parameters": {"0": 304.2871288014998, "1": 76.81342515439268}}