{"win": 17, "loss": 4, "draw": 1, "nan": 5, "parameters": {"0": 304.28301063090066, "1": 76.81210004805918}}