{"win": 15, "loss": 4, "draw": 0, "nan": 6, "parameters": {"0": 304.8987742562811, "1": 74.94622540089294}}