{"win": 19, "loss": 2, "draw": 1, "nan": 5, "parameters": {"0": 304.28245295473073, "1": 76.81166417510622}}