{"win": 16, "loss": 2, "draw": 0, "nan": 7, "parameters": {"0": 317.4650308548768, "1": 74.02159673462849}}