{"win": 8, "loss": 5, "draw": 0, "nan": 12, "parameters": {"0": 599.9915388901129, "1": 55.443393480178756}}