{"win": 13, "loss": 3, "draw": 0, "nan": 9, "parameters": {"0": 304.16553591591065, "1": 76.70032878875936}}