{"win": 17, "loss": 4, "draw": 0, "nan": 4, "parameters": {"0": 304.2829046749165, "1": 76.81210206008542}}