{"win": 15, "loss": 2, "draw": 0, "nan": 8, "parameters": {"0": 304.2814148486666, "1": 76.81032555652924}}