{"win": 15, "loss": 6, "draw": 0, "nan": 4, "parameters": {"0": 304.2829387668868, "1": 76.81210163702873}}