{"win": 15, "loss": 4, "draw": 1, "nan": 7, "parameters": {"0": 304.28291670611003, "1": 76.81210034116205}}