{"win": 16, "loss": 4, "draw": 1, "nan": 6, "parameters": {"0": 304.2827725011831, "1": 76.81220654549098}}