{"win": 12, "loss": 6, "draw": 2, "nan": 9, "parameters": {"0": 256.0071521628837, "1": 141.58570087720338}}