{"win": 17, "loss": 2, "draw": 1, "nan": 7, "parameters": {"0": 304.27222847644526, "1": 76.81387026987838}}