{"win": 10, "loss": 8, "draw": 1, "nan": 8, "parameters": {"0": 411.9122343504721, "1": 75.9152518587659}}