{"win": 18, "loss": 2, "draw": 0, "nan": 5, "parameters": {"0": 304.2829145308303, "1": 76.81209893844648}}