{"win": 19, "loss": 2, "draw": 0, "nan": 4, "parameters": {"0": 304.28284345346185, "1": 76.81208159799678}}