{"win": 14, "loss": 7, "draw": 2, "nan": 6, "parameters": {"0": 304.28288448742984, "1": 76.8121113464697}}