{"win": 16, "loss": 2, "draw": 0, "nan": 7, "parameters": {"0": 304.2513165774473, "1": 76.78437960097729}}