{"win": 16, "loss": 3, "draw": 0, "nan": 6, "parameters": {"0": 304.2828438863968, "1": 76.81215348369174}}