{"win": 15, "loss": 4, "draw": 0, "nan": 6, "parameters": {"0": 159.61156829939202, "1": 89.26501085562037}}