{"win": 17, "loss": 4, "draw": 0, "nan": 4, "parameters": {"0": 322.2481984141541, "1": 70.51292253858047}}