{"win": 15, "loss": 1, "draw": 0, "nan": 9, "parameters": {"0": 248.64292491463166, "1": 83.73605362282623}}