{"win": 13, "loss": 6, "draw": 0, "nan": 6, "parameters": {"0": 304.2829479255703, "1": 76.81212376275568}}