{"win": 9, "loss": 10, "draw": 0, "nan": 6, "parameters": {"0": 314.8438075089199, "1": 187.95969241282924}}