{"win": 16, "loss": 4, "draw": 1, "nan": 6, "parameters": {"0": 298.64292491463164, "1": 98.73605362282625}}