{"win": 17, "loss": 5, "draw": 1, "nan": 4, "parameters": {"0": 304.5485988145052, "1": 76.89800742457207}}