{"win": 15, "loss": 4, "draw": 0, "nan": 6, "parameters": {"0": 299.0712564854061, "1": 77.84704010257732}}