{"win": 16, "loss": 3, "draw": 0, "nan": 6, "parameters": {"0": 248.64292491463166, "1": 83.73605362282625}}