{"win": 15, "loss": 5, "draw": 1, "nan": 6, "parameters": {"0": 304.3803884402966, "1": 76.81030732135663}}