{"win": 14, "loss": 2, "draw": 0, "nan": 9, "parameters": {"0": 304.2821968862045, "1": 76.81217749271435}}